12345 MORENO AVE - SHELLPOINT LOAN TRACKER,,,,,,
Lender: Shellpoint | Original Balance: $700,000 | Rate: 8.125% | Monthly Total: $5,852.98 (P&I $5,197.48 + Tax/Ins/PMI $655.50) | First Payment: Feb 2024,,,,,,
,,,,,,
Month,Principal,Additional Principal,Interest 8.125%,"Tax, Insurance & PMI",Total Paid,Principal Balance
February 2024,$457.90,$-,$4,739.58,$655.50,$5,852.98,$700,000.00
March 2024,$461.00,$-,$4,736.48,$655.50,$5,852.98,$699,542.10
April 2024,$464.12,$-,$4,733.36,$655.50,$5,852.98,$699,081.11
May 2024,$467.26,$-,$4,730.22,$655.50,$5,852.98,$698,616.99
June 2024,$470.42,$-,$4,727.06,$655.50,$5,852.98,$698,149.73
July 2024,$473.61,$-,$4,723.87,$655.50,$5,852.98,$697,679.30
August 2024,$476.82,$-,$4,720.66,$655.50,$5,852.98,$697,205.69
September 2024,$480.04,$-,$4,717.44,$655.50,$5,852.98,$696,728.88
October 2024,$483.30,$-,$4,714.18,$655.50,$5,852.98,$696,248.83
November 2024,$486.57,$-,$4,710.91,$655.50,$5,852.98,$695,765.54
December 2024,$489.86,$-,$4,707.62,$655.50,$5,852.98,$695,278.97
January 2025,$493.18,$-,$4,704.30,$655.50,$5,852.98,$694,789.11
February 2025,$496.52,$-,$4,700.96,$655.50,$5,852.98,$694,295.93
March 2025,$499.88,$-,$4,697.60,$655.50,$5,852.98,$693,799.41
April 2025,$503.26,$-,$4,694.22,$655.50,$5,852.98,$693,299.53
May 2025,$506.67,$-,$4,690.81,$655.50,$5,852.98,$692,796.27
June 2025,$510.10,$-,$4,687.38,$655.50,$5,852.98,$692,289.59
July 2025,$513.56,$-,$4,683.92,$655.50,$5,852.98,$691,779.49
August 2025,$517.03,$-,$4,680.45,$655.50,$5,852.98,$691,265.93
September 2025,$520.53,$-,$4,676.95,$655.50,$5,852.98,$690,748.90
October 2025,$524.06,$-,$4,673.42,$655.50,$5,852.98,$690,228.37
November 2025,$527.61,$-,$4,669.87,$655.50,$5,852.98,$689,704.31
December 2025,$531.18,$-,$4,666.30,$655.50,$5,852.98,$689,176.70
January 2026,$534.78,$-,$4,662.70,$655.50,$5,852.98,$688,645.52
February 2026,$538.40,$-,$4,659.08,$655.50,$5,852.98,$688,110.75
March 2026,$542.04,$-,$4,655.44,$655.50,$5,852.98,$687,572.35
April 2026,$545.71,$-,$4,651.77,$655.50,$5,852.98,$687,030.31
May 2026,$549.41,$-,$4,648.07,$655.50,$5,852.98,$686,484.59
June 2026,$553.13,$-,$4,644.35,$655.50,$5,852.98,$685,935.19
July 2026,$556.87,$-,$4,640.61,$655.50,$5,852.98,$685,382.06
August 2026,$560.64,$-,$4,636.84,$655.50,$5,852.98,$684,825.19
September 2026,$564.44,$-,$4,633.04,$655.50,$5,852.98,$684,264.55
October 2026,$568.26,$-,$4,629.22,$655.50,$5,852.98,$683,700.11
November 2026,$572.11,$-,$4,625.37,$655.50,$5,852.98,$683,131.85
December 2026,$575.98,$-,$4,621.50,$655.50,$5,852.98,$682,559.74
January 2027,$579.88,$-,$4,617.60,$655.50,$5,852.98,$681,983.76
February 2027,$583.81,$-,$4,613.67,$655.50,$5,852.98,$681,403.87
March 2027,$587.76,$-,$4,609.72,$655.50,$5,852.98,$680,820.07
April 2027,$591.74,$-,$4,605.74,$655.50,$5,852.98,$680,232.31
May 2027,$595.75,$-,$4,601.73,$655.50,$5,852.98,$679,640.57
June 2027,$599.78,$-,$4,597.70,$655.50,$5,852.98,$679,044.82
July 2027,$603.84,$-,$4,593.64,$655.50,$5,852.98,$678,445.04
August 2027,$607.93,$-,$4,589.55,$655.50,$5,852.98,$677,841.20
September 2027,$612.05,$-,$4,585.43,$655.50,$5,852.98,$677,233.27
October 2027,$616.19,$-,$4,581.29,$655.50,$5,852.98,$676,621.22
November 2027,$620.36,$-,$4,577.12,$655.50,$5,852.98,$676,005.03
December 2027,$624.56,$-,$4,572.92,$655.50,$5,852.98,$675,384.67
January 2028,$628.79,$-,$4,568.69,$655.50,$5,852.98,$674,760.10
February 2028,$633.05,$-,$4,564.43,$655.50,$5,852.98,$674,131.31
March 2028,$637.34,$-,$4,560.14,$655.50,$5,852.98,$673,498.26
April 2028,$641.65,$-,$4,555.83,$655.50,$5,852.98,$672,860.93
May 2028,$646.00,$-,$4,551.48,$655.50,$5,852.98,$672,219.28
June 2028,$650.37,$-,$4,547.11,$655.50,$5,852.98,$671,573.28
July 2028,$654.77,$-,$4,542.71,$655.50,$5,852.98,$670,922.91
August 2028,$659.21,$-,$4,538.27,$655.50,$5,852.98,$670,268.14
September 2028,$663.67,$-,$4,533.81,$655.50,$5,852.98,$669,608.93
October 2028,$668.16,$-,$4,529.32,$655.50,$5,852.98,$668,945.26
November 2028,$672.69,$-,$4,524.79,$655.50,$5,852.98,$668,277.10
December 2028,$677.24,$-,$4,520.24,$655.50,$5,852.98,$667,604.41
January 2029,$681.83,$-,$4,515.65,$655.50,$5,852.98,$666,927.17
February 2029,$686.44,$-,$4,511.04,$655.50,$5,852.98,$666,245.34
March 2029,$691.09,$-,$4,506.39,$655.50,$5,852.98,$665,558.90
April 2029,$695.77,$-,$4,501.71,$655.50,$5,852.98,$664,867.81
May 2029,$700.48,$-,$4,497.00,$655.50,$5,852.98,$664,172.04
June 2029,$705.22,$-,$4,492.26,$655.50,$5,852.98,$663,471.55
July 2029,$710.00,$-,$4,487.48,$655.50,$5,852.98,$662,766.33
August 2029,$714.81,$-,$4,482.67,$655.50,$5,852.98,$662,056.33
September 2029,$719.65,$-,$4,477.83,$655.50,$5,852.98,$661,341.52
October 2029,$724.52,$-,$4,472.96,$655.50,$5,852.98,$660,621.88
November 2029,$729.42,$-,$4,468.06,$655.50,$5,852.98,$659,897.36
December 2029,$734.36,$-,$4,463.12,$655.50,$5,852.98,$659,167.93
January 2030,$739.34,$-,$4,458.14,$655.50,$5,852.98,$658,433.57
February 2030,$744.34,$-,$4,453.14,$655.50,$5,852.98,$657,694.23
March 2030,$749.38,$-,$4,448.10,$655.50,$5,852.98,$656,949.89
April 2030,$754.46,$-,$4,443.02,$655.50,$5,852.98,$656,200.51
May 2030,$759.56,$-,$4,437.92,$655.50,$5,852.98,$655,446.05
June 2030,$764.71,$-,$4,432.77,$655.50,$5,852.98,$654,686.49
July 2030,$769.88,$-,$4,427.60,$655.50,$5,852.98,$653,921.78
August 2030,$775.10,$-,$4,422.38,$655.50,$5,852.98,$653,151.90
September 2030,$780.35,$-,$4,417.13,$655.50,$5,852.98,$652,376.80
October 2030,$785.63,$-,$4,411.85,$655.50,$5,852.98,$651,596.45
November 2030,$790.95,$-,$4,406.53,$655.50,$5,852.98,$650,810.83
December 2030,$796.30,$-,$4,401.18,$655.50,$5,852.98,$650,019.88
January 2031,$801.70,$-,$4,395.78,$655.50,$5,852.98,$649,223.57
February 2031,$807.12,$-,$4,390.36,$655.50,$5,852.98,$648,421.88
March 2031,$812.59,$-,$4,384.89,$655.50,$5,852.98,$647,614.75
April 2031,$818.09,$-,$4,379.39,$655.50,$5,852.98,$646,802.17
May 2031,$823.63,$-,$4,373.85,$655.50,$5,852.98,$645,984.08
June 2031,$829.21,$-,$4,368.27,$655.50,$5,852.98,$645,160.45
July 2031,$834.82,$-,$4,362.66,$655.50,$5,852.98,$644,331.24
August 2031,$840.47,$-,$4,357.01,$655.50,$5,852.98,$643,496.42
September 2031,$846.16,$-,$4,351.32,$655.50,$5,852.98,$642,655.95
October 2031,$851.89,$-,$4,345.59,$655.50,$5,852.98,$641,809.78
November 2031,$857.66,$-,$4,339.82,$655.50,$5,852.98,$640,957.89
December 2031,$863.47,$-,$4,334.01,$655.50,$5,852.98,$640,100.23
January 2032,$869.31,$-,$4,328.17,$655.50,$5,852.98,$639,236.76
February 2032,$875.20,$-,$4,322.28,$655.50,$5,852.98,$638,367.45
March 2032,$881.13,$-,$4,316.35,$655.50,$5,852.98,$637,492.25
April 2032,$887.09,$-,$4,310.39,$655.50,$5,852.98,$636,611.12
May 2032,$893.10,$-,$4,304.38,$655.50,$5,852.98,$635,724.03
June 2032,$899.15,$-,$4,298.33,$655.50,$5,852.98,$634,830.93
July 2032,$905.23,$-,$4,292.25,$655.50,$5,852.98,$633,931.78
August 2032,$911.36,$-,$4,286.12,$655.50,$5,852.98,$633,026.55
September 2032,$917.53,$-,$4,279.95,$655.50,$5,852.98,$632,115.19
October 2032,$923.75,$-,$4,273.73,$655.50,$5,852.98,$631,197.65
November 2032,$930.00,$-,$4,267.48,$655.50,$5,852.98,$630,273.91
December 2032,$936.30,$-,$4,261.18,$655.50,$5,852.98,$629,343.91
January 2033,$942.64,$-,$4,254.84,$655.50,$5,852.98,$628,407.61
February 2033,$949.02,$-,$4,248.46,$655.50,$5,852.98,$627,464.97
March 2033,$955.44,$-,$4,242.04,$655.50,$5,852.98,$626,515.95
April 2033,$961.91,$-,$4,235.57,$655.50,$5,852.98,$625,560.51
May 2033,$968.43,$-,$4,229.05,$655.50,$5,852.98,$624,598.60
June 2033,$974.98,$-,$4,222.50,$655.50,$5,852.98,$623,630.17
July 2033,$981.59,$-,$4,215.89,$655.50,$5,852.98,$622,655.18
August 2033,$988.23,$-,$4,209.25,$655.50,$5,852.98,$621,673.60
September 2033,$994.92,$-,$4,202.56,$655.50,$5,852.98,$620,685.37
October 2033,$1,001.66,$-,$4,195.82,$655.50,$5,852.98,$619,690.44
November 2033,$1,008.44,$-,$4,189.04,$655.50,$5,852.98,$618,688.79
December 2033,$1,015.27,$-,$4,182.21,$655.50,$5,852.98,$617,680.34
January 2034,$1,022.14,$-,$4,175.34,$655.50,$5,852.98,$616,665.07
February 2034,$1,029.06,$-,$4,168.42,$655.50,$5,852.98,$615,642.93
March 2034,$1,036.03,$-,$4,161.45,$655.50,$5,852.98,$614,613.87
April 2034,$1,043.05,$-,$4,154.43,$655.50,$5,852.98,$613,577.83
May 2034,$1,050.11,$-,$4,147.37,$655.50,$5,852.98,$612,534.79
June 2034,$1,057.22,$-,$4,140.26,$655.50,$5,852.98,$611,484.68
July 2034,$1,064.38,$-,$4,133.10,$655.50,$5,852.98,$610,427.46
August 2034,$1,071.58,$-,$4,125.90,$655.50,$5,852.98,$609,363.08
September 2034,$1,078.84,$-,$4,118.64,$655.50,$5,852.98,$608,291.50
October 2034,$1,086.14,$-,$4,111.34,$655.50,$5,852.98,$607,212.66
November 2034,$1,093.50,$-,$4,103.98,$655.50,$5,852.98,$606,126.51
December 2034,$1,100.90,$-,$4,096.58,$655.50,$5,852.98,$605,033.02
January 2035,$1,108.36,$-,$4,089.12,$655.50,$5,852.98,$603,932.11
February 2035,$1,115.86,$-,$4,081.62,$655.50,$5,852.98,$602,823.76
March 2035,$1,123.42,$-,$4,074.06,$655.50,$5,852.98,$601,707.90
April 2035,$1,131.02,$-,$4,066.46,$655.50,$5,852.98,$600,584.48
May 2035,$1,138.68,$-,$4,058.80,$655.50,$5,852.98,$599,453.46
June 2035,$1,146.39,$-,$4,051.09,$655.50,$5,852.98,$598,314.78
July 2035,$1,154.15,$-,$4,043.33,$655.50,$5,852.98,$597,168.39
August 2035,$1,161.97,$-,$4,035.51,$655.50,$5,852.98,$596,014.23
September 2035,$1,169.83,$-,$4,027.65,$655.50,$5,852.98,$594,852.27
October 2035,$1,177.76,$-,$4,019.72,$655.50,$5,852.98,$593,682.43
November 2035,$1,185.73,$-,$4,011.75,$655.50,$5,852.98,$592,504.68
December 2035,$1,193.76,$-,$4,003.72,$655.50,$5,852.98,$591,318.95
January 2036,$1,201.84,$-,$3,995.64,$655.50,$5,852.98,$590,125.19
February 2036,$1,209.98,$-,$3,987.50,$655.50,$5,852.98,$588,923.35
March 2036,$1,218.17,$-,$3,979.31,$655.50,$5,852.98,$587,713.37
April 2036,$1,226.42,$-,$3,971.06,$655.50,$5,852.98,$586,495.20
May 2036,$1,234.72,$-,$3,962.76,$655.50,$5,852.98,$585,268.78
June 2036,$1,243.08,$-,$3,954.40,$655.50,$5,852.98,$584,034.06
July 2036,$1,251.50,$-,$3,945.98,$655.50,$5,852.98,$582,790.98
August 2036,$1,259.97,$-,$3,937.51,$655.50,$5,852.98,$581,539.48
September 2036,$1,268.50,$-,$3,928.98,$655.50,$5,852.98,$580,279.50
October 2036,$1,277.09,$-,$3,920.39,$655.50,$5,852.98,$579,011.00
November 2036,$1,285.74,$-,$3,911.74,$655.50,$5,852.98,$577,733.91
December 2036,$1,294.45,$-,$3,903.03,$655.50,$5,852.98,$576,448.17
January 2037,$1,303.21,$-,$3,894.27,$655.50,$5,852.98,$575,153.72
February 2037,$1,312.03,$-,$3,885.45,$655.50,$5,852.98,$573,850.51
March 2037,$1,320.92,$-,$3,876.56,$655.50,$5,852.98,$572,538.48
April 2037,$1,329.86,$-,$3,867.62,$655.50,$5,852.98,$571,217.56
May 2037,$1,338.87,$-,$3,858.61,$655.50,$5,852.98,$569,887.70
June 2037,$1,347.93,$-,$3,849.55,$655.50,$5,852.98,$568,548.83
July 2037,$1,357.06,$-,$3,840.42,$655.50,$5,852.98,$567,200.90
August 2037,$1,366.25,$-,$3,831.23,$655.50,$5,852.98,$565,843.85
September 2037,$1,375.50,$-,$3,821.98,$655.50,$5,852.98,$564,477.60
October 2037,$1,384.81,$-,$3,812.67,$655.50,$5,852.98,$563,102.10
November 2037,$1,394.19,$-,$3,803.29,$655.50,$5,852.98,$561,717.29
December 2037,$1,403.63,$-,$3,793.85,$655.50,$5,852.98,$560,323.11
January 2038,$1,413.13,$-,$3,784.35,$655.50,$5,852.98,$558,919.48
February 2038,$1,422.70,$-,$3,774.78,$655.50,$5,852.98,$557,506.35
March 2038,$1,432.33,$-,$3,765.15,$655.50,$5,852.98,$556,083.66
April 2038,$1,442.03,$-,$3,755.45,$655.50,$5,852.98,$554,651.33
May 2038,$1,451.79,$-,$3,745.69,$655.50,$5,852.98,$553,209.30
June 2038,$1,461.62,$-,$3,735.86,$655.50,$5,852.98,$551,757.51
July 2038,$1,471.52,$-,$3,725.96,$655.50,$5,852.98,$550,295.88
August 2038,$1,481.48,$-,$3,716.00,$655.50,$5,852.98,$548,824.37
September 2038,$1,491.51,$-,$3,705.97,$655.50,$5,852.98,$547,342.88
October 2038,$1,501.61,$-,$3,695.87,$655.50,$5,852.98,$545,851.37
November 2038,$1,511.78,$-,$3,685.70,$655.50,$5,852.98,$544,349.76
December 2038,$1,522.01,$-,$3,675.47,$655.50,$5,852.98,$542,837.98
January 2039,$1,532.32,$-,$3,665.16,$655.50,$5,852.98,$541,315.97
February 2039,$1,542.69,$-,$3,654.79,$655.50,$5,852.98,$539,783.65
March 2039,$1,553.14,$-,$3,644.34,$655.50,$5,852.98,$538,240.95
April 2039,$1,563.66,$-,$3,633.82,$655.50,$5,852.98,$536,687.81
May 2039,$1,574.24,$-,$3,623.24,$655.50,$5,852.98,$535,124.16
June 2039,$1,584.90,$-,$3,612.58,$655.50,$5,852.98,$533,549.91
July 2039,$1,595.63,$-,$3,601.85,$655.50,$5,852.98,$531,965.01
August 2039,$1,606.44,$-,$3,591.04,$655.50,$5,852.98,$530,369.38
September 2039,$1,617.31,$-,$3,580.17,$655.50,$5,852.98,$528,762.94
October 2039,$1,628.26,$-,$3,569.22,$655.50,$5,852.98,$527,145.62
November 2039,$1,639.29,$-,$3,558.19,$655.50,$5,852.98,$525,517.36
December 2039,$1,650.39,$-,$3,547.09,$655.50,$5,852.98,$523,878.07
January 2040,$1,661.56,$-,$3,535.92,$655.50,$5,852.98,$522,227.68
February 2040,$1,672.81,$-,$3,524.67,$655.50,$5,852.98,$520,566.12
March 2040,$1,684.14,$-,$3,513.34,$655.50,$5,852.98,$518,893.30
April 2040,$1,695.54,$-,$3,501.94,$655.50,$5,852.98,$517,209.16
May 2040,$1,707.02,$-,$3,490.46,$655.50,$5,852.98,$515,513.62
June 2040,$1,718.58,$-,$3,478.90,$655.50,$5,852.98,$513,806.60
July 2040,$1,730.22,$-,$3,467.26,$655.50,$5,852.98,$512,088.02
August 2040,$1,741.93,$-,$3,455.55,$655.50,$5,852.98,$510,357.80
September 2040,$1,753.73,$-,$3,443.75,$655.50,$5,852.98,$508,615.87
October 2040,$1,765.60,$-,$3,431.88,$655.50,$5,852.98,$506,862.14
November 2040,$1,777.56,$-,$3,419.92,$655.50,$5,852.98,$505,096.54
December 2040,$1,789.59,$-,$3,407.89,$655.50,$5,852.98,$503,318.98
January 2041,$1,801.71,$-,$3,395.77,$655.50,$5,852.98,$501,529.39
February 2041,$1,813.91,$-,$3,383.57,$655.50,$5,852.98,$499,727.69
March 2041,$1,826.19,$-,$3,371.29,$655.50,$5,852.98,$497,913.78
April 2041,$1,838.55,$-,$3,358.93,$655.50,$5,852.98,$496,087.59
May 2041,$1,851.00,$-,$3,346.48,$655.50,$5,852.98,$494,249.04
June 2041,$1,863.53,$-,$3,333.95,$655.50,$5,852.98,$492,398.03
July 2041,$1,876.15,$-,$3,321.33,$655.50,$5,852.98,$490,534.50
August 2041,$1,888.86,$-,$3,308.62,$655.50,$5,852.98,$488,658.35
September 2041,$1,901.64,$-,$3,295.84,$655.50,$5,852.98,$486,769.49
October 2041,$1,914.52,$-,$3,282.96,$655.50,$5,852.98,$484,867.85
November 2041,$1,927.48,$-,$3,270.00,$655.50,$5,852.98,$482,953.32
December 2041,$1,940.53,$-,$3,256.95,$655.50,$5,852.98,$481,025.84
January 2042,$1,953.67,$-,$3,243.81,$655.50,$5,852.98,$479,085.31
February 2042,$1,966.90,$-,$3,230.58,$655.50,$5,852.98,$477,131.63
March 2042,$1,980.22,$-,$3,217.26,$655.50,$5,852.98,$475,164.73
April 2042,$1,993.63,$-,$3,203.85,$655.50,$5,852.98,$473,184.51
May 2042,$2,007.13,$-,$3,190.35,$655.50,$5,852.98,$471,190.89
June 2042,$2,020.71,$-,$3,176.77,$655.50,$5,852.98,$469,183.76
July 2042,$2,034.40,$-,$3,163.08,$655.50,$5,852.98,$467,163.05
August 2042,$2,048.17,$-,$3,149.31,$655.50,$5,852.98,$465,128.65
September 2042,$2,062.04,$-,$3,135.44,$655.50,$5,852.98,$463,080.48
October 2042,$2,076.00,$-,$3,121.48,$655.50,$5,852.98,$461,018.44
November 2042,$2,090.06,$-,$3,107.42,$655.50,$5,852.98,$458,942.44
December 2042,$2,104.21,$-,$3,093.27,$655.50,$5,852.98,$456,852.38
January 2043,$2,118.46,$-,$3,079.02,$655.50,$5,852.98,$454,748.17
February 2043,$2,132.80,$-,$3,064.68,$655.50,$5,852.98,$452,629.72
March 2043,$2,147.24,$-,$3,050.24,$655.50,$5,852.98,$450,496.92
April 2043,$2,161.78,$-,$3,035.70,$655.50,$5,852.98,$448,349.68
May 2043,$2,176.42,$-,$3,021.06,$655.50,$5,852.98,$446,187.90
June 2043,$2,191.15,$-,$3,006.33,$655.50,$5,852.98,$444,011.48
July 2043,$2,205.99,$-,$2,991.49,$655.50,$5,852.98,$441,820.33
August 2043,$2,220.92,$-,$2,976.56,$655.50,$5,852.98,$439,614.34
September 2043,$2,235.96,$-,$2,961.52,$655.50,$5,852.98,$437,393.42
October 2043,$2,251.10,$-,$2,946.38,$655.50,$5,852.98,$435,157.45
November 2043,$2,266.34,$-,$2,931.14,$655.50,$5,852.98,$432,906.35
December 2043,$2,281.69,$-,$2,915.79,$655.50,$5,852.98,$430,640.01
January 2044,$2,297.14,$-,$2,900.34,$655.50,$5,852.98,$428,358.32
February 2044,$2,312.69,$-,$2,884.79,$655.50,$5,852.98,$426,061.18
March 2044,$2,328.35,$-,$2,869.13,$655.50,$5,852.98,$423,748.49
April 2044,$2,344.11,$-,$2,853.37,$655.50,$5,852.98,$421,420.14
May 2044,$2,359.99,$-,$2,837.49,$655.50,$5,852.98,$419,076.03
June 2044,$2,375.97,$-,$2,821.51,$655.50,$5,852.98,$416,716.04
July 2044,$2,392.05,$-,$2,805.43,$655.50,$5,852.98,$414,340.08
August 2044,$2,408.25,$-,$2,789.23,$655.50,$5,852.98,$411,948.03
September 2044,$2,424.55,$-,$2,772.93,$655.50,$5,852.98,$409,539.78
October 2044,$2,440.97,$-,$2,756.51,$655.50,$5,852.98,$407,115.22
November 2044,$2,457.50,$-,$2,739.98,$655.50,$5,852.98,$404,674.25
December 2044,$2,474.14,$-,$2,723.34,$655.50,$5,852.98,$402,216.75
January 2045,$2,490.89,$-,$2,706.59,$655.50,$5,852.98,$399,742.62
February 2045,$2,507.75,$-,$2,689.73,$655.50,$5,852.98,$397,251.73
March 2045,$2,524.73,$-,$2,672.75,$655.50,$5,852.98,$394,743.97
April 2045,$2,541.83,$-,$2,655.65,$655.50,$5,852.98,$392,219.24
May 2045,$2,559.04,$-,$2,638.44,$655.50,$5,852.98,$389,677.41
June 2045,$2,576.37,$-,$2,621.11,$655.50,$5,852.98,$387,118.37
July 2045,$2,593.81,$-,$2,603.67,$655.50,$5,852.98,$384,542.00
August 2045,$2,611.37,$-,$2,586.11,$655.50,$5,852.98,$381,948.19
September 2045,$2,629.05,$-,$2,568.43,$655.50,$5,852.98,$379,336.82
October 2045,$2,646.85,$-,$2,550.63,$655.50,$5,852.98,$376,707.77
November 2045,$2,664.78,$-,$2,532.70,$655.50,$5,852.98,$374,060.91
December 2045,$2,682.82,$-,$2,514.66,$655.50,$5,852.98,$371,396.14
January 2046,$2,700.98,$-,$2,496.50,$655.50,$5,852.98,$368,713.32
February 2046,$2,719.27,$-,$2,478.21,$655.50,$5,852.98,$366,012.34
March 2046,$2,737.68,$-,$2,459.80,$655.50,$5,852.98,$363,293.06
April 2046,$2,756.22,$-,$2,441.26,$655.50,$5,852.98,$360,555.38
May 2046,$2,774.88,$-,$2,422.60,$655.50,$5,852.98,$357,799.16
June 2046,$2,793.67,$-,$2,403.81,$655.50,$5,852.98,$355,024.28
July 2046,$2,812.59,$-,$2,384.89,$655.50,$5,852.98,$352,230.61
August 2046,$2,831.63,$-,$2,365.85,$655.50,$5,852.98,$349,418.02
September 2046,$2,850.80,$-,$2,346.68,$655.50,$5,852.98,$346,586.40
October 2046,$2,870.10,$-,$2,327.38,$655.50,$5,852.98,$343,735.59
November 2046,$2,889.54,$-,$2,307.94,$655.50,$5,852.98,$340,865.49
December 2046,$2,909.10,$-,$2,288.38,$655.50,$5,852.98,$337,975.95
January 2047,$2,928.80,$-,$2,268.68,$655.50,$5,852.98,$335,066.85
February 2047,$2,948.63,$-,$2,248.85,$655.50,$5,852.98,$332,138.05
March 2047,$2,968.59,$-,$2,228.89,$655.50,$5,852.98,$329,189.43
April 2047,$2,988.69,$-,$2,208.79,$655.50,$5,852.98,$326,220.83
May 2047,$3,008.93,$-,$2,188.55,$655.50,$5,852.98,$323,232.14
June 2047,$3,029.30,$-,$2,168.18,$655.50,$5,852.98,$320,223.21
July 2047,$3,049.81,$-,$2,147.67,$655.50,$5,852.98,$317,193.91
August 2047,$3,070.46,$-,$2,127.02,$655.50,$5,852.98,$314,144.10
September 2047,$3,091.25,$-,$2,106.23,$655.50,$5,852.98,$311,073.63
October 2047,$3,112.18,$-,$2,085.30,$655.50,$5,852.98,$307,982.38
November 2047,$3,133.25,$-,$2,064.23,$655.50,$5,852.98,$304,870.20
December 2047,$3,154.47,$-,$2,043.01,$655.50,$5,852.98,$301,736.94
January 2048,$3,175.83,$-,$2,021.65,$655.50,$5,852.98,$298,582.47
February 2048,$3,197.33,$-,$2,000.15,$655.50,$5,852.98,$295,406.65
March 2048,$3,218.98,$-,$1,978.50,$655.50,$5,852.98,$292,209.32
April 2048,$3,240.77,$-,$1,956.71,$655.50,$5,852.98,$288,990.34
May 2048,$3,262.72,$-,$1,934.76,$655.50,$5,852.98,$285,749.56
June 2048,$3,284.81,$-,$1,912.67,$655.50,$5,852.98,$282,486.84
July 2048,$3,307.05,$-,$1,890.43,$655.50,$5,852.98,$279,202.04
August 2048,$3,329.44,$-,$1,868.04,$655.50,$5,852.98,$275,894.99
September 2048,$3,351.98,$-,$1,845.50,$655.50,$5,852.98,$272,565.54
October 2048,$3,374.68,$-,$1,822.80,$655.50,$5,852.98,$269,213.56
November 2048,$3,397.53,$-,$1,799.95,$655.50,$5,852.98,$265,838.88
December 2048,$3,420.53,$-,$1,776.95,$655.50,$5,852.98,$262,441.35
January 2049,$3,443.69,$-,$1,753.79,$655.50,$5,852.98,$259,020.82
February 2049,$3,467.01,$-,$1,730.47,$655.50,$5,852.98,$255,577.13
March 2049,$3,490.48,$-,$1,707.00,$655.50,$5,852.98,$252,110.12
April 2049,$3,514.12,$-,$1,683.36,$655.50,$5,852.98,$248,619.63
May 2049,$3,537.91,$-,$1,659.57,$655.50,$5,852.98,$245,105.51
June 2049,$3,561.87,$-,$1,635.61,$655.50,$5,852.98,$241,567.60
July 2049,$3,585.98,$-,$1,611.50,$655.50,$5,852.98,$238,005.74
August 2049,$3,610.26,$-,$1,587.22,$655.50,$5,852.98,$234,419.75
September 2049,$3,634.71,$-,$1,562.77,$655.50,$5,852.98,$230,809.49
October 2049,$3,659.32,$-,$1,538.16,$655.50,$5,852.98,$227,174.78
November 2049,$3,684.09,$-,$1,513.39,$655.50,$5,852.98,$223,515.46
December 2049,$3,709.04,$-,$1,488.44,$655.50,$5,852.98,$219,831.37
January 2050,$3,734.15,$-,$1,463.33,$655.50,$5,852.98,$216,122.33
February 2050,$3,759.44,$-,$1,438.04,$655.50,$5,852.98,$212,388.18
March 2050,$3,784.89,$-,$1,412.59,$655.50,$5,852.98,$208,628.75
April 2050,$3,810.52,$-,$1,386.96,$655.50,$5,852.98,$204,843.86
May 2050,$3,836.32,$-,$1,361.16,$655.50,$5,852.98,$201,033.34
June 2050,$3,862.29,$-,$1,335.19,$655.50,$5,852.98,$197,197.02
July 2050,$3,888.44,$-,$1,309.04,$655.50,$5,852.98,$193,334.73
August 2050,$3,914.77,$-,$1,282.71,$655.50,$5,852.98,$189,446.29
September 2050,$3,941.28,$-,$1,256.20,$655.50,$5,852.98,$185,531.52
October 2050,$3,967.96,$-,$1,229.52,$655.50,$5,852.98,$181,590.24
November 2050,$3,994.83,$-,$1,202.65,$655.50,$5,852.98,$177,622.28
December 2050,$4,021.88,$-,$1,175.60,$655.50,$5,852.98,$173,627.45
January 2051,$4,049.11,$-,$1,148.37,$655.50,$5,852.98,$169,605.57
February 2051,$4,076.52,$-,$1,120.96,$655.50,$5,852.98,$165,556.46
March 2051,$4,104.13,$-,$1,093.35,$655.50,$5,852.98,$161,479.94
April 2051,$4,131.91,$-,$1,065.57,$655.50,$5,852.98,$157,375.81
May 2051,$4,159.89,$-,$1,037.59,$655.50,$5,852.98,$153,243.90
June 2051,$4,188.06,$-,$1,009.42,$655.50,$5,852.98,$149,084.01
July 2051,$4,216.41,$-,$981.07,$655.50,$5,852.98,$144,895.95
August 2051,$4,244.96,$-,$952.52,$655.50,$5,852.98,$140,679.53
September 2051,$4,273.70,$-,$923.78,$655.50,$5,852.98,$136,434.57
October 2051,$4,302.64,$-,$894.84,$655.50,$5,852.98,$132,160.87
November 2051,$4,331.77,$-,$865.71,$655.50,$5,852.98,$127,858.23
December 2051,$4,361.10,$-,$836.38,$655.50,$5,852.98,$123,526.45
January 2052,$4,390.63,$-,$806.85,$655.50,$5,852.98,$119,165.35
February 2052,$4,420.36,$-,$777.12,$655.50,$5,852.98,$114,774.72
March 2052,$4,450.29,$-,$747.19,$655.50,$5,852.98,$110,354.36
April 2052,$4,480.42,$-,$717.06,$655.50,$5,852.98,$105,904.07
May 2052,$4,510.76,$-,$686.72,$655.50,$5,852.98,$101,423.65
